title,time,url
"
Kemenag libatkan KUA dan penyuluh agama berantas judi ""online""
","


21 menit lalu


",https://www.antaranews.com/berita/4482293/kemenag-libatkan-kua-dan-penyuluh-agama-berantas-judi-online
"
Survei elektabilitas paslon Jawa Tengah
","

Kemarin 14:40

",https://www.antaranews.com/infografik/4479401/survei-elektabilitas-paslon-jawa-tengah?utm_source=antaranews&utm_medium=desktop&utm_campaign=popular_right
"
BPBD siagakan 17 perahu yang bisa dipakai ke TPS saat terjadi banjir
","

5 menit lalu

",https://www.antaranews.com/berita/4482357/bpbd-siagakan-17-perahu-yang-bisa-dipakai-ke-tps-saat-terjadi-banjir?utm_source=antaranews&utm_medium=desktop&utm_campaign=popular_right
"
Timnas MLBB putri juara dunia IESF 2024
","

18 menit lalu

",https://www.antaranews.com/berita/4482301/polda-siapkan-berkas-sidang-kode-etik-kapolsek-baito-dan-anggotanya
"
Rencana pemindahan terpidana mati kasus narkotika Mary Jane Veloso ke Filipina
","

1 jam lalu

",https://www.antaranews.com/foto/4482161/rencana-pemindahan-terpidana-mati-kasus-narkotika-mary-jane-veloso-ke-filipina
"
Intip gaya busana artis Indonesia di Red Carpet Piala Citra FFI
","

10 jam lalu

",https://www.antaranews.com/video/4481401/intip-gaya-busana-artis-indonesia-di-red-carpet-piala-citra-ffi
"
Timnas MLBB putri juara dunia IESF 2024
","

31 menit lalu

",https://www.antaranews.com/infografik/4482189/timnas-mlbb-putri-juara-dunia-iesf-2024
